,Episodes,Rewards
0,0,28.0
1,0,18.0
2,0,10.0
3,0,33.0
4,0,15.0
5,0,50.0
6,0,38.0
7,0,15.0
8,0,44.0
9,0,26.0
10,1,15.0
11,1,38.0
12,1,19.0
13,1,12.0
14,1,23.0
15,1,13.0
16,1,33.0
17,1,35.0
18,1,25.0
19,1,20.0
20,2,14.0
21,2,28.0
22,2,21.0
23,2,30.0
24,2,15.0
25,2,30.0
26,2,12.0
27,2,19.0
28,2,30.0
29,2,45.0
30,3,11.0
31,3,55.0
32,3,28.0
33,3,25.0
34,3,36.0
35,3,48.0
36,3,45.0
37,3,12.0
38,3,17.0
39,3,28.0
40,4,22.0
41,4,24.0
42,4,20.0
43,4,39.0
44,4,14.0
45,4,17.0
46,4,55.0
47,4,21.0
48,4,15.0
49,4,14.0
50,5,20.0
51,5,27.0
52,5,15.0
53,5,19.0
54,5,119.0
55,5,17.0
56,5,25.0
57,5,23.0
58,5,40.0
59,5,24.0
60,6,13.0
61,6,28.0
62,6,14.0
63,6,27.0
64,6,19.0
65,6,64.0
66,6,34.0
67,6,15.0
68,6,38.0
69,6,28.0
70,7,17.0
71,7,14.0
72,7,13.0
73,7,27.0
74,7,31.0
75,7,33.0
76,7,40.0
77,7,13.0
78,7,32.0
79,7,25.0
80,8,39.0
81,8,41.0
82,8,19.0
83,8,17.0
84,8,58.0
85,8,22.0
86,8,60.0
87,8,14.0
88,8,81.0
89,8,18.0
90,9,48.0
91,9,79.0
92,9,19.0
93,9,33.0
94,9,21.0
95,9,24.0
96,9,35.0
97,9,29.0
98,9,53.0
99,9,19.0
100,10,10.0
101,10,15.0
102,10,32.0
103,10,75.0
104,10,50.0
105,10,24.0
106,10,68.0
107,10,18.0
108,10,17.0
109,10,56.0
110,11,45.0
111,11,10.0
112,11,16.0
113,11,68.0
114,11,12.0
115,11,16.0
116,11,88.0
117,11,16.0
118,11,78.0
119,11,44.0
120,12,39.0
121,12,43.0
122,12,18.0
123,12,163.0
124,12,12.0
125,12,13.0
126,12,90.0
127,12,35.0
128,12,30.0
129,12,62.0
130,13,24.0
131,13,30.0
132,13,14.0
133,13,24.0
134,13,27.0
135,13,13.0
136,13,54.0
137,13,25.0
138,13,38.0
139,13,46.0
140,14,15.0
141,14,38.0
142,14,19.0
143,14,31.0
144,14,36.0
145,14,16.0
146,14,92.0
147,14,24.0
148,14,42.0
149,14,43.0
150,15,21.0
151,15,10.0
152,15,11.0
153,15,85.0
154,15,15.0
155,15,12.0
156,15,177.0
157,15,42.0
158,15,16.0
159,15,62.0
160,16,21.0
161,16,22.0
162,16,16.0
163,16,41.0
164,16,71.0
165,16,18.0
166,16,108.0
167,16,35.0
168,16,53.0
169,16,37.0
170,17,20.0
171,17,48.0
172,17,22.0
173,17,48.0
174,17,12.0
175,17,10.0
176,17,114.0
177,17,15.0
178,17,40.0
179,17,47.0
180,18,17.0
181,18,25.0
182,18,25.0
183,18,23.0
184,18,24.0
185,18,14.0
186,18,121.0
187,18,52.0
188,18,46.0
189,18,49.0
190,19,17.0
191,19,27.0
192,19,17.0
193,19,33.0
194,19,44.0
195,19,12.0
196,19,57.0
197,19,23.0
198,19,34.0
199,19,51.0
200,20,33.0
201,20,32.0
202,20,11.0
203,20,24.0
204,20,49.0
205,20,17.0
206,20,155.0
207,20,24.0
208,20,41.0
209,20,48.0
210,21,26.0
211,21,26.0
212,21,27.0
213,21,53.0
214,21,32.0
215,21,29.0
216,21,155.0
217,21,42.0
218,21,63.0
219,21,65.0
220,22,44.0
221,22,32.0
222,22,21.0
223,22,18.0
224,22,31.0
225,22,14.0
226,22,155.0
227,22,58.0
228,22,90.0
229,22,73.0
230,23,20.0
231,23,71.0
232,23,39.0
233,23,36.0
234,23,58.0
235,23,18.0
236,23,155.0
237,23,82.0
238,23,75.0
239,23,42.0
240,24,27.0
241,24,45.0
242,24,80.0
243,24,61.0
244,24,21.0
245,24,23.0
246,24,89.0
247,24,59.0
248,24,52.0
249,24,61.0
250,25,22.0
251,25,22.0
252,25,24.0
253,25,77.0
254,25,42.0
255,25,27.0
256,25,119.0
257,25,23.0
258,25,39.0
259,25,37.0
260,26,24.0
261,26,35.0
262,26,20.0
263,26,55.0
264,26,56.0
265,26,15.0
266,26,119.0
267,26,78.0
268,26,52.0
269,26,38.0
270,27,26.0
271,27,20.0
272,27,24.0
273,27,74.0
274,27,52.0
275,27,16.0
276,27,111.0
277,27,36.0
278,27,31.0
279,27,51.0
280,28,25.0
281,28,32.0
282,28,63.0
283,28,48.0
284,28,28.0
285,28,53.0
286,28,94.0
287,28,38.0
288,28,35.0
289,28,44.0
290,29,22.0
291,29,34.0
292,29,10.0
293,29,29.0
294,29,40.0
295,29,27.0
296,29,69.0
297,29,77.0
298,29,39.0
299,29,39.0
300,30,17.0
301,30,57.0
302,30,32.0
303,30,45.0
304,30,83.0
305,30,45.0
306,30,154.0
307,30,41.0
308,30,68.0
309,30,43.0
310,31,33.0
311,31,43.0
312,31,40.0
313,31,50.0
314,31,48.0
315,31,28.0
316,31,94.0
317,31,61.0
318,31,50.0
319,31,52.0
320,32,18.0
321,32,57.0
322,32,20.0
323,32,21.0
324,32,97.0
325,32,24.0
326,32,117.0
327,32,52.0
328,32,63.0
329,32,47.0
330,33,24.0
331,33,60.0
332,33,34.0
333,33,21.0
334,33,64.0
335,33,16.0
336,33,175.0
337,33,65.0
338,33,58.0
339,33,32.0
340,34,26.0
341,34,156.0
342,34,33.0
343,34,44.0
344,34,72.0
345,34,15.0
346,34,200.0
347,34,94.0
348,34,62.0
349,34,54.0
350,35,23.0
351,35,94.0
352,35,11.0
353,35,44.0
354,35,33.0
355,35,51.0
356,35,78.0
357,35,142.0
358,35,35.0
359,35,61.0
360,36,23.0
361,36,72.0
362,36,18.0
363,36,22.0
364,36,67.0
365,36,31.0
366,36,93.0
367,36,82.0
368,36,61.0
369,36,43.0
370,37,14.0
371,37,20.0
372,37,26.0
373,37,36.0
374,37,170.0
375,37,21.0
376,37,33.0
377,37,82.0
378,37,53.0
379,37,46.0
380,38,14.0
381,38,50.0
382,38,13.0
383,38,42.0
384,38,127.0
385,38,14.0
386,38,100.0
387,38,85.0
388,38,56.0
389,38,42.0
390,39,35.0
391,39,57.0
392,39,14.0
393,39,34.0
394,39,103.0
395,39,34.0
396,39,22.0
397,39,63.0
398,39,55.0
399,39,45.0
400,40,35.0
401,40,43.0
402,40,27.0
403,40,60.0
404,40,115.0
405,40,61.0
406,40,27.0
407,40,79.0
408,40,97.0
409,40,41.0
410,41,50.0
411,41,53.0
412,41,47.0
413,41,53.0
414,41,131.0
415,41,55.0
416,41,35.0
417,41,62.0
418,41,99.0
419,41,49.0
420,42,37.0
421,42,43.0
422,42,20.0
423,42,43.0
424,42,113.0
425,42,29.0
426,42,51.0
427,42,116.0
428,42,78.0
429,42,47.0
430,43,52.0
431,43,52.0
432,43,22.0
433,43,40.0
434,43,66.0
435,43,15.0
436,43,45.0
437,43,127.0
438,43,85.0
439,43,51.0
440,44,61.0
441,44,65.0
442,44,18.0
443,44,92.0
444,44,66.0
445,44,20.0
446,44,45.0
447,44,114.0
448,44,118.0
449,44,58.0
450,45,42.0
451,45,93.0
452,45,15.0
453,45,102.0
454,45,191.0
455,45,22.0
456,45,80.0
457,45,121.0
458,45,90.0
459,45,50.0
460,46,78.0
461,46,56.0
462,46,13.0
463,46,133.0
464,46,97.0
465,46,16.0
466,46,102.0
467,46,131.0
468,46,123.0
469,46,50.0
470,47,56.0
471,47,58.0
472,47,21.0
473,47,28.0
474,47,163.0
475,47,37.0
476,47,113.0
477,47,135.0
478,47,146.0
479,47,46.0
480,48,46.0
481,48,112.0
482,48,24.0
483,48,97.0
484,48,171.0
485,48,15.0
486,48,148.0
487,48,111.0
488,48,106.0
489,48,71.0
490,49,40.0
491,49,82.0
492,49,29.0
493,49,69.0
494,49,132.0
495,49,13.0
496,49,148.0
497,49,97.0
498,49,106.0
499,49,49.0
500,50,42.0
501,50,106.0
502,50,18.0
503,50,67.0
504,50,139.0
505,50,18.0
506,50,148.0
507,50,118.0
508,50,113.0
509,50,64.0
510,51,59.0
511,51,100.0
512,51,25.0
513,51,34.0
514,51,56.0
515,51,12.0
516,51,148.0
517,51,118.0
518,51,156.0
519,51,128.0
520,52,19.0
521,52,121.0
522,52,41.0
523,52,84.0
524,52,110.0
525,52,22.0
526,52,148.0
527,52,119.0
528,52,132.0
529,52,66.0
530,53,28.0
531,53,104.0
532,53,13.0
533,53,53.0
534,53,75.0
535,53,42.0
536,53,148.0
537,53,116.0
538,53,140.0
539,53,83.0
540,54,27.0
541,54,89.0
542,54,37.0
543,54,54.0
544,54,52.0
545,54,15.0
546,54,148.0
547,54,141.0
548,54,158.0
549,54,42.0
550,55,45.0
551,55,86.0
552,55,20.0
553,55,137.0
554,55,58.0
555,55,19.0
556,55,148.0
557,55,136.0
558,55,101.0
559,55,33.0
560,56,23.0
561,56,51.0
562,56,12.0
563,56,137.0
564,56,100.0
565,56,25.0
566,56,148.0
567,56,136.0
568,56,143.0
569,56,61.0
570,57,41.0
571,57,65.0
572,57,11.0
573,57,137.0
574,57,59.0
575,57,24.0
576,57,179.0
577,57,158.0
578,57,160.0
579,57,50.0
580,58,57.0
581,58,50.0
582,58,10.0
583,58,137.0
584,58,92.0
585,58,27.0
586,58,140.0
587,58,167.0
588,58,139.0
589,58,53.0
590,59,31.0
591,59,58.0
592,59,16.0
593,59,137.0
594,59,107.0
595,59,39.0
596,59,75.0
597,59,165.0
598,59,99.0
599,59,42.0
600,60,52.0
601,60,45.0
602,60,20.0
603,60,137.0
604,60,125.0
605,60,25.0
606,60,30.0
607,60,165.0
608,60,83.0
609,60,46.0
610,61,37.0
611,61,44.0
612,61,11.0
613,61,137.0
614,61,144.0
615,61,93.0
616,61,34.0
617,61,165.0
618,61,104.0
619,61,42.0
620,62,44.0
621,62,43.0
622,62,9.0
623,62,137.0
624,62,101.0
625,62,44.0
626,62,23.0
627,62,165.0
628,62,99.0
629,62,47.0
630,63,43.0
631,63,44.0
632,63,14.0
633,63,137.0
634,63,167.0
635,63,36.0
636,63,23.0
637,63,165.0
638,63,109.0
639,63,27.0
640,64,59.0
641,64,51.0
642,64,23.0
643,64,137.0
644,64,167.0
645,64,32.0
646,64,19.0
647,64,186.0
648,64,101.0
649,64,38.0
650,65,47.0
651,65,45.0
652,65,36.0
653,65,137.0
654,65,167.0
655,65,72.0
656,65,16.0
657,65,186.0
658,65,118.0
659,65,32.0
660,66,91.0
661,66,41.0
662,66,28.0
663,66,137.0
664,66,167.0
665,66,53.0
666,66,14.0
667,66,157.0
668,66,125.0
669,66,39.0
670,67,65.0
671,67,38.0
672,67,24.0
673,67,137.0
674,67,167.0
675,67,60.0
676,67,13.0
677,67,185.0
678,67,105.0
679,67,27.0
680,68,86.0
681,68,54.0
682,68,11.0
683,68,137.0
684,68,109.0
685,68,79.0
686,68,11.0
687,68,185.0
688,68,125.0
689,68,38.0
690,69,94.0
691,69,40.0
692,69,44.0
693,69,137.0
694,69,69.0
695,69,92.0
696,69,17.0
697,69,185.0
698,69,125.0
699,69,34.0
700,70,107.0
701,70,46.0
702,70,15.0
703,70,137.0
704,70,66.0
705,70,26.0
706,70,13.0
707,70,185.0
708,70,125.0
709,70,30.0
710,71,136.0
711,71,61.0
712,71,27.0
713,71,137.0
714,71,46.0
715,71,35.0
716,71,9.0
717,71,185.0
718,71,125.0
719,71,36.0
720,72,74.0
721,72,47.0
722,72,12.0
723,72,96.0
724,72,46.0
725,72,65.0
726,72,9.0
727,72,185.0
728,72,125.0
729,72,34.0
730,73,81.0
731,73,56.0
732,73,34.0
733,73,91.0
734,73,42.0
735,73,34.0
736,73,12.0
737,73,185.0
738,73,125.0
739,73,25.0
740,74,60.0
741,74,58.0
742,74,29.0
743,74,91.0
744,74,29.0
745,74,54.0
746,74,9.0
747,74,185.0
748,74,125.0
749,74,31.0
750,75,86.0
751,75,50.0
752,75,20.0
753,75,189.0
754,75,35.0
755,75,18.0
756,75,9.0
757,75,185.0
758,75,125.0
759,75,36.0
760,76,71.0
761,76,56.0
762,76,15.0
763,76,158.0
764,76,34.0
765,76,72.0
766,76,9.0
767,76,185.0
768,76,125.0
769,76,48.0
770,77,56.0
771,77,76.0
772,77,14.0
773,77,148.0
774,77,31.0
775,77,36.0
776,77,11.0
777,77,168.0
778,77,125.0
779,77,41.0
780,78,57.0
781,78,51.0
782,78,23.0
783,78,89.0
784,78,28.0
785,78,56.0
786,78,9.0
787,78,177.0
788,78,125.0
789,78,49.0
790,79,60.0
791,79,79.0
792,79,24.0
793,79,35.0
794,79,27.0
795,79,62.0
796,79,9.0
797,79,190.0
798,79,125.0
799,79,27.0
800,80,65.0
801,80,131.0
802,80,29.0
803,80,45.0
804,80,24.0
805,80,39.0
806,80,11.0
807,80,166.0
808,80,125.0
809,80,42.0
810,81,65.0
811,81,72.0
812,81,15.0
813,81,39.0
814,81,28.0
815,81,41.0
816,81,9.0
817,81,125.0
818,81,125.0
819,81,73.0
820,82,99.0
821,82,71.0
822,82,63.0
823,82,11.0
824,82,24.0
825,82,70.0
826,82,9.0
827,82,115.0
828,82,125.0
829,82,60.0
830,83,69.0
831,83,94.0
832,83,18.0
833,83,30.0
834,83,28.0
835,83,77.0
836,83,9.0
837,83,45.0
838,83,125.0
839,83,68.0
840,84,83.0
841,84,85.0
842,84,11.0
843,84,37.0
844,84,25.0
845,84,53.0
846,84,11.0
847,84,56.0
848,84,125.0
849,84,55.0
850,85,95.0
851,85,93.0
852,85,12.0
853,85,32.0
854,85,24.0
855,85,73.0
856,85,10.0
857,85,51.0
858,85,125.0
859,85,65.0
860,86,129.0
861,86,77.0
862,86,50.0
863,86,18.0
864,86,23.0
865,86,37.0
866,86,13.0
867,86,47.0
868,86,125.0
869,86,86.0
870,87,129.0
871,87,84.0
872,87,18.0
873,87,17.0
874,87,21.0
875,87,141.0
876,87,10.0
877,87,49.0
878,87,125.0
879,87,78.0
880,88,189.0
881,88,89.0
882,88,18.0
883,88,18.0
884,88,22.0
885,88,49.0
886,88,11.0
887,88,52.0
888,88,125.0
889,88,78.0
890,89,108.0
891,89,100.0
892,89,38.0
893,89,17.0
894,89,22.0
895,89,47.0
896,89,12.0
897,89,51.0
898,89,125.0
899,89,61.0
900,90,197.0
901,90,150.0
902,90,14.0
903,90,13.0
904,90,23.0
905,90,42.0
906,90,9.0
907,90,49.0
908,90,125.0
909,90,43.0
910,91,197.0
911,91,115.0
912,91,12.0
913,91,32.0
914,91,22.0
915,91,58.0
916,91,9.0
917,91,45.0
918,91,125.0
919,91,41.0
920,92,150.0
921,92,69.0
922,92,36.0
923,92,15.0
924,92,21.0
925,92,50.0
926,92,9.0
927,92,51.0
928,92,125.0
929,92,51.0
930,93,144.0
931,93,58.0
932,93,12.0
933,93,34.0
934,93,23.0
935,93,82.0
936,93,9.0
937,93,52.0
938,93,125.0
939,93,45.0
940,94,121.0
941,94,87.0
942,94,41.0
943,94,32.0
944,94,18.0
945,94,75.0
946,94,9.0
947,94,58.0
948,94,125.0
949,94,43.0
950,95,144.0
951,95,83.0
952,95,20.0
953,95,18.0
954,95,23.0
955,95,87.0
956,95,12.0
957,95,55.0
958,95,125.0
959,95,41.0
960,96,128.0
961,96,81.0
962,96,52.0
963,96,34.0
964,96,23.0
965,96,140.0
966,96,11.0
967,96,60.0
968,96,125.0
969,96,28.0
970,97,79.0
971,97,93.0
972,97,37.0
973,97,34.0
974,97,21.0
975,97,75.0
976,97,10.0
977,97,51.0
978,97,125.0
979,97,35.0
980,98,123.0
981,98,83.0
982,98,45.0
983,98,59.0
984,98,22.0
985,98,62.0
986,98,12.0
987,98,55.0
988,98,125.0
989,98,35.0
990,99,115.0
991,99,96.0
992,99,92.0
993,99,33.0
994,99,24.0
995,99,65.0
996,99,11.0
997,99,53.0
998,99,186.0
999,99,40.0
1000,100,110.0
1001,100,95.0
1002,100,108.0
1003,100,36.0
1004,100,23.0
1005,100,74.0
1006,100,10.0
1007,100,53.0
1008,100,13.0
1009,100,21.0
1010,101,125.0
1011,101,87.0
1012,101,69.0
1013,101,41.0
1014,101,23.0
1015,101,103.0
1016,101,12.0
1017,101,58.0
1018,101,13.0
1019,101,40.0
1020,102,131.0
1021,102,85.0
1022,102,50.0
1023,102,51.0
1024,102,25.0
1025,102,67.0
1026,102,9.0
1027,102,60.0
1028,102,110.0
1029,102,29.0
1030,103,171.0
1031,103,97.0
1032,103,45.0
1033,103,74.0
1034,103,24.0
1035,103,118.0
1036,103,11.0
1037,103,63.0
1038,103,111.0
1039,103,23.0
1040,104,121.0
1041,104,109.0
1042,104,51.0
1043,104,45.0
1044,104,23.0
1045,104,117.0
1046,104,9.0
1047,104,52.0
1048,104,20.0
1049,104,33.0
1050,105,195.0
1051,105,92.0
1052,105,99.0
1053,105,44.0
1054,105,26.0
1055,105,103.0
1056,105,9.0
1057,105,65.0
1058,105,102.0
1059,105,21.0
1060,106,115.0
1061,106,81.0
1062,106,59.0
1063,106,44.0
1064,106,25.0
1065,106,173.0
1066,106,9.0
1067,106,62.0
1068,106,23.0
1069,106,23.0
1070,107,115.0
1071,107,135.0
1072,107,64.0
1073,107,44.0
1074,107,28.0
1075,107,110.0
1076,107,10.0
1077,107,68.0
1078,107,95.0
1079,107,30.0
1080,108,125.0
1081,108,71.0
1082,108,129.0
1083,108,171.0
1084,108,25.0
1085,108,110.0
1086,108,9.0
1087,108,68.0
1088,108,103.0
1089,108,31.0
1090,109,159.0
1091,109,62.0
1092,109,155.0
1093,109,171.0
1094,109,26.0
1095,109,128.0
1096,109,9.0
1097,109,68.0
1098,109,40.0
1099,109,29.0
1100,110,173.0
1101,110,67.0
1102,110,130.0
1103,110,171.0
1104,110,25.0
1105,110,177.0
1106,110,10.0
1107,110,73.0
1108,110,89.0
1109,110,16.0
1110,111,120.0
1111,111,78.0
1112,111,114.0
1113,111,172.0
1114,111,27.0
1115,111,98.0
1116,111,12.0
1117,111,72.0
1118,111,111.0
1119,111,28.0
1120,112,135.0
1121,112,55.0
1122,112,68.0
1123,112,172.0
1124,112,27.0
1125,112,132.0
1126,112,10.0
1127,112,87.0
1128,112,100.0
1129,112,31.0
1130,113,107.0
1131,113,64.0
1132,113,78.0
1133,113,171.0
1134,113,24.0
1135,113,113.0
1136,113,11.0
1137,113,90.0
1138,113,106.0
1139,113,26.0
1140,114,163.0
1141,114,52.0
1142,114,123.0
1143,114,171.0
1144,114,29.0
1145,114,152.0
1146,114,9.0
1147,114,102.0
1148,114,19.0
1149,114,17.0
1150,115,134.0
1151,115,54.0
1152,115,138.0
1153,115,171.0
1154,115,27.0
1155,115,104.0
1156,115,9.0
1157,115,100.0
1158,115,120.0
1159,115,34.0
1160,116,125.0
1161,116,41.0
1162,116,67.0
1163,116,193.0
1164,116,28.0
1165,116,159.0
1166,116,9.0
1167,116,120.0
1168,116,129.0
1169,116,27.0
1170,117,193.0
1171,117,52.0
1172,117,67.0
1173,117,192.0
1174,117,29.0
1175,117,184.0
1176,117,9.0
1177,117,132.0
1178,117,134.0
1179,117,22.0
1180,118,118.0
1181,118,48.0
1182,118,67.0
1183,118,192.0
1184,118,33.0
1185,118,127.0
1186,118,9.0
1187,118,158.0
1188,118,128.0
1189,118,33.0
1190,119,120.0
1191,119,44.0
1192,119,131.0
1193,119,192.0
1194,119,30.0
1195,119,152.0
1196,119,11.0
1197,119,150.0
1198,119,117.0
1199,119,26.0
1200,120,139.0
1201,120,48.0
1202,120,104.0
1203,120,192.0
1204,120,30.0
1205,120,76.0
1206,120,9.0
1207,120,166.0
1208,120,125.0
1209,120,29.0
1210,121,179.0
1211,121,38.0
1212,121,72.0
1213,121,192.0
1214,121,27.0
1215,121,63.0
1216,121,11.0
1217,121,164.0
1218,121,114.0
1219,121,17.0
1220,122,156.0
1221,122,46.0
1222,122,65.0
1223,122,192.0
1224,122,25.0
1225,122,87.0
1226,122,9.0
1227,122,166.0
1228,122,135.0
1229,122,31.0
1230,123,188.0
1231,123,48.0
1232,123,65.0
1233,123,192.0
1234,123,27.0
1235,123,89.0
1236,123,11.0
1237,123,161.0
1238,123,14.0
1239,123,34.0
1240,124,188.0
1241,124,45.0
1242,124,56.0
1243,124,192.0
1244,124,26.0
1245,124,127.0
1246,124,11.0
1247,124,164.0
1248,124,127.0
1249,124,42.0
1250,125,188.0
1251,125,41.0
1252,125,55.0
1253,125,192.0
1254,125,29.0
1255,125,112.0
1256,125,11.0
1257,125,150.0
1258,125,129.0
1259,125,27.0
1260,126,151.0
1261,126,43.0
1262,126,54.0
1263,126,192.0
1264,126,28.0
1265,126,102.0
1266,126,11.0
1267,126,137.0
1268,126,143.0
1269,126,32.0
1270,127,151.0
1271,127,46.0
1272,127,51.0
1273,127,192.0
1274,127,28.0
1275,127,141.0
1276,127,9.0
1277,127,184.0
1278,127,127.0
1279,127,39.0
1280,128,151.0
1281,128,48.0
1282,128,42.0
1283,128,192.0
1284,128,28.0
1285,128,147.0
1286,128,9.0
1287,128,184.0
1288,128,164.0
1289,128,44.0
1290,129,151.0
1291,129,42.0
1292,129,48.0
1293,129,192.0
1294,129,28.0
1295,129,154.0
1296,129,11.0
1297,129,141.0
1298,129,184.0
1299,129,34.0
1300,130,151.0
1301,130,48.0
1302,130,47.0
1303,130,192.0
1304,130,27.0
1305,130,143.0
1306,130,11.0
1307,130,133.0
1308,130,182.0
1309,130,48.0
1310,131,151.0
1311,131,44.0
1312,131,46.0
1313,131,192.0
1314,131,30.0
1315,131,143.0
1316,131,9.0
1317,131,152.0
1318,131,182.0
1319,131,37.0
1320,132,151.0
1321,132,48.0
1322,132,47.0
1323,132,192.0
1324,132,28.0
1325,132,143.0
1326,132,11.0
1327,132,106.0
1328,132,182.0
1329,132,43.0
1330,133,151.0
1331,133,54.0
1332,133,42.0
1333,133,192.0
1334,133,27.0
1335,133,143.0
1336,133,10.0
1337,133,103.0
1338,133,182.0
1339,133,58.0
1340,134,151.0
1341,134,52.0
1342,134,46.0
1343,134,192.0
1344,134,28.0
1345,134,180.0
1346,134,11.0
1347,134,113.0
1348,134,191.0
1349,134,68.0
1350,135,151.0
1351,135,51.0
1352,135,46.0
1353,135,192.0
1354,135,30.0
1355,135,169.0
1356,135,9.0
1357,135,108.0
1358,135,191.0
1359,135,42.0
1360,136,151.0
1361,136,51.0
1362,136,52.0
1363,136,192.0
1364,136,28.0
1365,136,169.0
1366,136,11.0
1367,136,99.0
1368,136,191.0
1369,136,52.0
1370,137,151.0
1371,137,55.0
1372,137,43.0
1373,137,192.0
1374,137,30.0
1375,137,195.0
1376,137,9.0
1377,137,114.0
1378,137,191.0
1379,137,53.0
1380,138,151.0
1381,138,64.0
1382,138,41.0
1383,138,192.0
1384,138,28.0
1385,138,195.0
1386,138,12.0
1387,138,101.0
1388,138,191.0
1389,138,71.0
1390,139,151.0
1391,139,60.0
1392,139,42.0
1393,139,192.0
1394,139,28.0
1395,139,195.0
1396,139,9.0
1397,139,102.0
1398,139,191.0
1399,139,70.0
1400,140,151.0
1401,140,74.0
1402,140,44.0
1403,140,192.0
1404,140,30.0
1405,140,183.0
1406,140,11.0
1407,140,128.0
1408,140,191.0
1409,140,61.0
1410,141,151.0
1411,141,59.0
1412,141,48.0
1413,141,192.0
1414,141,28.0
1415,141,154.0
1416,141,12.0
1417,141,131.0
1418,141,191.0
1419,141,162.0
1420,142,151.0
1421,142,95.0
1422,142,48.0
1423,142,192.0
1424,142,27.0
1425,142,111.0
1426,142,11.0
1427,142,119.0
1428,142,191.0
1429,142,137.0
1430,143,151.0
1431,143,70.0
1432,143,48.0
1433,143,192.0
1434,143,33.0
1435,143,115.0
1436,143,12.0
1437,143,132.0
1438,143,191.0
1439,143,61.0
1440,144,151.0
1441,144,70.0
1442,144,46.0
1443,144,192.0
1444,144,34.0
1445,144,113.0
1446,144,11.0
1447,144,147.0
1448,144,191.0
1449,144,133.0
1450,145,151.0
1451,145,180.0
1452,145,54.0
1453,145,192.0
1454,145,28.0
1455,145,101.0
1456,145,9.0
1457,145,181.0
1458,145,191.0
1459,145,111.0
1460,146,151.0
1461,146,73.0
1462,146,53.0
1463,146,192.0
1464,146,31.0
1465,146,84.0
1466,146,9.0
1467,146,133.0
1468,146,191.0
1469,146,149.0
1470,147,151.0
1471,147,134.0
1472,147,48.0
1473,147,192.0
1474,147,35.0
1475,147,84.0
1476,147,11.0
1477,147,133.0
1478,147,191.0
1479,147,163.0
1480,148,167.0
1481,148,114.0
1482,148,54.0
1483,148,192.0
1484,148,33.0
1485,148,79.0
1486,148,9.0
1487,148,149.0
1488,148,191.0
1489,148,162.0
1490,149,161.0
1491,149,92.0
1492,149,53.0
1493,149,192.0
1494,149,35.0
1495,149,73.0
1496,149,11.0
1497,149,180.0
1498,149,191.0
1499,149,154.0
1500,150,133.0
1501,150,89.0
1502,150,53.0
1503,150,192.0
1504,150,32.0
1505,150,72.0
1506,150,10.0
1507,150,165.0
1508,150,191.0
1509,150,96.0
1510,151,121.0
1511,151,86.0
1512,151,57.0
1513,151,192.0
1514,151,38.0
1515,151,74.0
1516,151,13.0
1517,151,165.0
1518,151,191.0
1519,151,96.0
1520,152,124.0
1521,152,79.0
1522,152,56.0
1523,152,192.0
1524,152,34.0
1525,152,82.0
1526,152,10.0
1527,152,165.0
1528,152,191.0
1529,152,78.0
1530,153,122.0
1531,153,69.0
1532,153,55.0
1533,153,192.0
1534,153,38.0
1535,153,69.0
1536,153,12.0
1537,153,165.0
1538,153,191.0
1539,153,104.0
1540,154,116.0
1541,154,70.0
1542,154,57.0
1543,154,192.0
1544,154,38.0
1545,154,69.0
1546,154,9.0
1547,154,165.0
1548,154,191.0
1549,154,108.0
1550,155,112.0
1551,155,68.0
1552,155,57.0
1553,155,192.0
1554,155,35.0
1555,155,73.0
1556,155,10.0
1557,155,165.0
1558,155,191.0
1559,155,76.0
1560,156,128.0
1561,156,74.0
1562,156,57.0
1563,156,192.0
1564,156,35.0
1565,156,76.0
1566,156,10.0
1567,156,165.0
1568,156,191.0
1569,156,93.0
1570,157,130.0
1571,157,55.0
1572,157,61.0
1573,157,100.0
1574,157,37.0
1575,157,85.0
1576,157,9.0
1577,157,165.0
1578,157,191.0
1579,157,83.0
1580,158,144.0
1581,158,55.0
1582,158,57.0
1583,158,185.0
1584,158,43.0
1585,158,74.0
1586,158,12.0
1587,158,194.0
1588,158,191.0
1589,158,123.0
1590,159,162.0
1591,159,64.0
1592,159,61.0
1593,159,155.0
1594,159,39.0
1595,159,81.0
1596,159,11.0
1597,159,194.0
1598,159,191.0
1599,159,114.0
1600,160,159.0
1601,160,59.0
1602,160,59.0
1603,160,162.0
1604,160,46.0
1605,160,84.0
1606,160,13.0
1607,160,199.0
1608,160,191.0
1609,160,198.0
1610,161,173.0
1611,161,59.0
1612,161,64.0
1613,161,163.0
1614,161,39.0
1615,161,92.0
1616,161,10.0
1617,161,199.0
1618,161,191.0
1619,161,198.0
1620,162,175.0
1621,162,63.0
1622,162,71.0
1623,162,115.0
1624,162,39.0
1625,162,97.0
1626,162,11.0
1627,162,199.0
1628,162,191.0
1629,162,198.0
1630,163,175.0
1631,163,62.0
1632,163,61.0
1633,163,114.0
1634,163,42.0
1635,163,103.0
1636,163,12.0
1637,163,199.0
1638,163,191.0
1639,163,198.0
1640,164,193.0
1641,164,60.0
1642,164,64.0
1643,164,122.0
1644,164,44.0
1645,164,121.0
1646,164,11.0
1647,164,199.0
1648,164,191.0
1649,164,198.0
1650,165,193.0
1651,165,55.0
1652,165,64.0
1653,165,126.0
1654,165,45.0
1655,165,96.0
1656,165,10.0
1657,165,199.0
1658,165,191.0
1659,165,198.0
1660,166,193.0
1661,166,70.0
1662,166,68.0
1663,166,117.0
1664,166,45.0
1665,166,103.0
1666,166,9.0
1667,166,199.0
1668,166,191.0
1669,166,198.0
1670,167,193.0
1671,167,65.0
1672,167,70.0
1673,167,116.0
1674,167,49.0
1675,167,111.0
1676,167,11.0
1677,167,199.0
1678,167,191.0
1679,167,198.0
1680,168,193.0
1681,168,67.0
1682,168,69.0
1683,168,118.0
1684,168,50.0
1685,168,119.0
1686,168,11.0
1687,168,199.0
1688,168,191.0
1689,168,198.0
1690,169,193.0
1691,169,70.0
1692,169,68.0
1693,169,120.0
1694,169,53.0
1695,169,136.0
1696,169,11.0
1697,169,199.0
1698,169,191.0
1699,169,195.0
1700,170,193.0
1701,170,74.0
1702,170,64.0
1703,170,78.0
1704,170,52.0
1705,170,108.0
1706,170,11.0
1707,170,199.0
1708,170,191.0
1709,170,179.0
1710,171,193.0
1711,171,83.0
1712,171,72.0
1713,171,82.0
1714,171,46.0
1715,171,125.0
1716,171,11.0
1717,171,182.0
1718,171,191.0
1719,171,179.0
1720,172,193.0
1721,172,73.0
1722,172,68.0
1723,172,122.0
1724,172,43.0
1725,172,148.0
1726,172,10.0
1727,172,162.0
1728,172,191.0
1729,172,162.0
1730,173,193.0
1731,173,71.0
1732,173,72.0
1733,173,121.0
1734,173,49.0
1735,173,155.0
1736,173,9.0
1737,173,162.0
1738,173,191.0
1739,173,165.0
1740,174,193.0
1741,174,86.0
1742,174,64.0
1743,174,119.0
1744,174,48.0
1745,174,120.0
1746,174,14.0
1747,174,194.0
1748,174,191.0
1749,174,157.0
1750,175,193.0
1751,175,87.0
1752,175,78.0
1753,175,119.0
1754,175,52.0
1755,175,133.0
1756,175,15.0
1757,175,194.0
1758,175,191.0
1759,175,162.0
1760,176,193.0
1761,176,92.0
1762,176,72.0
1763,176,121.0
1764,176,49.0
1765,176,155.0
1766,176,13.0
1767,176,155.0
1768,176,191.0
1769,176,183.0
1770,177,193.0
1771,177,88.0
1772,177,76.0
1773,177,126.0
1774,177,55.0
1775,177,176.0
1776,177,11.0
1777,177,187.0
1778,177,191.0
1779,177,166.0
1780,178,193.0
1781,178,91.0
1782,178,76.0
1783,178,122.0
1784,178,54.0
1785,178,176.0
1786,178,12.0
1787,178,193.0
1788,178,191.0
1789,178,190.0
1790,179,193.0
1791,179,91.0
1792,179,74.0
1793,179,115.0
1794,179,50.0
1795,179,151.0
1796,179,9.0
1797,179,193.0
1798,179,191.0
1799,179,190.0
1800,180,193.0
1801,180,95.0
1802,180,74.0
1803,180,122.0
1804,180,61.0
1805,180,117.0
1806,180,15.0
1807,180,176.0
1808,180,191.0
1809,180,159.0
1810,181,193.0
1811,181,95.0
1812,181,76.0
1813,181,122.0
1814,181,54.0
1815,181,109.0
1816,181,11.0
1817,181,176.0
1818,181,191.0
1819,181,169.0
1820,182,170.0
1821,182,93.0
1822,182,72.0
1823,182,123.0
1824,182,65.0
1825,182,94.0
1826,182,11.0
1827,182,176.0
1828,182,191.0
1829,182,162.0
1830,183,183.0
1831,183,91.0
1832,183,80.0
1833,183,121.0
1834,183,63.0
1835,183,115.0
1836,183,10.0
1837,183,200.0
1838,183,191.0
1839,183,162.0
1840,184,173.0
1841,184,100.0
1842,184,70.0
1843,184,118.0
1844,184,71.0
1845,184,106.0
1846,184,11.0
1847,184,163.0
1848,184,191.0
1849,184,118.0
1850,185,171.0
1851,185,109.0
1852,185,82.0
1853,185,124.0
1854,185,61.0
1855,185,106.0
1856,185,12.0
1857,185,154.0
1858,185,191.0
1859,185,100.0
1860,186,169.0
1861,186,115.0
1862,186,74.0
1863,186,184.0
1864,186,89.0
1865,186,115.0
1866,186,14.0
1867,186,154.0
1868,186,191.0
1869,186,100.0
1870,187,107.0
1871,187,114.0
1872,187,86.0
1873,187,189.0
1874,187,85.0
1875,187,90.0
1876,187,13.0
1877,187,159.0
1878,187,191.0
1879,187,119.0
1880,188,94.0
1881,188,113.0
1882,188,94.0
1883,188,127.0
1884,188,95.0
1885,188,118.0
1886,188,12.0
1887,188,172.0
1888,188,191.0
1889,188,166.0
1890,189,97.0
1891,189,150.0
1892,189,94.0
1893,189,124.0
1894,189,93.0
1895,189,85.0
1896,189,11.0
1897,189,186.0
1898,189,191.0
1899,189,123.0
1900,190,92.0
1901,190,121.0
1902,190,96.0
1903,190,120.0
1904,190,90.0
1905,190,112.0
1906,190,11.0
1907,190,186.0
1908,190,191.0
1909,190,111.0
1910,191,91.0
1911,191,143.0
1912,191,133.0
1913,191,123.0
1914,191,125.0
1915,191,151.0
1916,191,11.0
1917,191,192.0
1918,191,191.0
1919,191,111.0
1920,192,97.0
1921,192,133.0
1922,192,108.0
1923,192,119.0
1924,192,170.0
1925,192,92.0
1926,192,13.0
1927,192,179.0
1928,192,191.0
1929,192,118.0
1930,193,89.0
1931,193,133.0
1932,193,132.0
1933,193,125.0
1934,193,135.0
1935,193,192.0
1936,193,13.0
1937,193,179.0
1938,193,191.0
1939,193,116.0
1940,194,96.0
1941,194,176.0
1942,194,198.0
1943,194,122.0
1944,194,98.0
1945,194,190.0
1946,194,11.0
1947,194,166.0
1948,194,191.0
1949,194,183.0
1950,195,89.0
1951,195,164.0
1952,195,198.0
1953,195,133.0
1954,195,67.0
1955,195,172.0
1956,195,10.0
1957,195,183.0
1958,195,191.0
1959,195,121.0
1960,196,88.0
1961,196,183.0
1962,196,198.0
1963,196,126.0
1964,196,61.0
1965,196,134.0
1966,196,12.0
1967,196,183.0
1968,196,191.0
1969,196,120.0
1970,197,95.0
1971,197,107.0
1972,197,132.0
1973,197,130.0
1974,197,53.0
1975,197,121.0
1976,197,12.0
1977,197,183.0
1978,197,191.0
1979,197,118.0
1980,198,98.0
1981,198,119.0
1982,198,128.0
1983,198,125.0
1984,198,47.0
1985,198,116.0
1986,198,11.0
1987,198,183.0
1988,198,191.0
1989,198,121.0
1990,199,103.0
1991,199,112.0
1992,199,115.0
1993,199,133.0
1994,199,48.0
1995,199,131.0
1996,199,11.0
1997,199,183.0
1998,199,191.0
1999,199,118.0
2000,200,98.0
2001,200,107.0
2002,200,113.0
2003,200,194.0
2004,200,43.0
2005,200,119.0
2006,200,19.0
2007,200,183.0
2008,200,191.0
2009,200,122.0
2010,201,95.0
2011,201,107.0
2012,201,128.0
2013,201,178.0
2014,201,44.0
2015,201,100.0
2016,201,14.0
2017,201,177.0
2018,201,191.0
2019,201,115.0
2020,202,103.0
2021,202,127.0
2022,202,121.0
2023,202,124.0
2024,202,40.0
2025,202,112.0
2026,202,13.0
2027,202,177.0
2028,202,191.0
2029,202,125.0
2030,203,98.0
2031,203,138.0
2032,203,85.0
2033,203,172.0
2034,203,38.0
2035,203,110.0
2036,203,15.0
2037,203,177.0
2038,203,191.0
2039,203,122.0
2040,204,102.0
2041,204,137.0
2042,204,71.0
2043,204,120.0
2044,204,37.0
2045,204,120.0
2046,204,12.0
2047,204,181.0
2048,204,191.0
2049,204,131.0
2050,205,97.0
2051,205,141.0
2052,205,102.0
2053,205,130.0
2054,205,35.0
2055,205,119.0
2056,205,11.0
2057,205,190.0
2058,205,191.0
2059,205,144.0
2060,206,97.0
2061,206,149.0
2062,206,94.0
2063,206,120.0
2064,206,36.0
2065,206,112.0
2066,206,14.0
2067,206,184.0
2068,206,191.0
2069,206,135.0
2070,207,101.0
2071,207,124.0
2072,207,112.0
2073,207,129.0
2074,207,39.0
2075,207,99.0
2076,207,14.0
2077,207,184.0
2078,207,191.0
2079,207,118.0
2080,208,98.0
2081,208,130.0
2082,208,119.0
2083,208,123.0
2084,208,38.0
2085,208,121.0
2086,208,13.0
2087,208,173.0
2088,208,191.0
2089,208,154.0
2090,209,100.0
2091,209,136.0
2092,209,166.0
2093,209,135.0
2094,209,40.0
2095,209,122.0
2096,209,16.0
2097,209,175.0
2098,209,191.0
2099,209,125.0
2100,210,182.0
2101,210,121.0
2102,210,186.0
2103,210,135.0
2104,210,33.0
2105,210,112.0
2106,210,14.0
2107,210,180.0
2108,210,191.0
2109,210,184.0
2110,211,183.0
2111,211,117.0
2112,211,186.0
2113,211,146.0
2114,211,31.0
2115,211,142.0
2116,211,17.0
2117,211,180.0
2118,211,14.0
2119,211,174.0
2120,212,183.0
2121,212,94.0
2122,212,186.0
2123,212,186.0
2124,212,41.0
2125,212,110.0
2126,212,14.0
2127,212,180.0
2128,212,14.0
2129,212,178.0
2130,213,183.0
2131,213,74.0
2132,213,186.0
2133,213,145.0
2134,213,39.0
2135,213,118.0
2136,213,16.0
2137,213,192.0
2138,213,14.0
2139,213,185.0
2140,214,183.0
2141,214,79.0
2142,214,186.0
2143,214,183.0
2144,214,40.0
2145,214,149.0
2146,214,11.0
2147,214,192.0
2148,214,14.0
2149,214,185.0
2150,215,183.0
2151,215,65.0
2152,215,185.0
2153,215,196.0
2154,215,39.0
2155,215,149.0
2156,215,11.0
2157,215,192.0
2158,215,14.0
2159,215,181.0
2160,216,134.0
2161,216,92.0
2162,216,177.0
2163,216,132.0
2164,216,38.0
2165,216,133.0
2166,216,13.0
2167,216,192.0
2168,216,14.0
2169,216,189.0
2170,217,123.0
2171,217,94.0
2172,217,187.0
2173,217,138.0
2174,217,42.0
2175,217,176.0
2176,217,13.0
2177,217,192.0
2178,217,14.0
2179,217,181.0
2180,218,116.0
2181,218,112.0
2182,218,187.0
2183,218,195.0
2184,218,44.0
2185,218,176.0
2186,218,18.0
2187,218,192.0
2188,218,14.0
2189,218,170.0
2190,219,112.0
2191,219,133.0
2192,219,187.0
2193,219,200.0
2194,219,42.0
2195,219,190.0
2196,219,14.0
2197,219,192.0
2198,219,14.0
2199,219,170.0
2200,220,107.0
2201,220,137.0
2202,220,187.0
2203,220,200.0
2204,220,43.0
2205,220,145.0
2206,220,17.0
2207,220,192.0
2208,220,14.0
2209,220,160.0
2210,221,111.0
2211,221,147.0
2212,221,187.0
2213,221,200.0
2214,221,43.0
2215,221,141.0
2216,221,20.0
2217,221,192.0
2218,221,14.0
2219,221,156.0
2220,222,107.0
2221,222,158.0
2222,222,187.0
2223,222,200.0
2224,222,43.0
2225,222,120.0
2226,222,20.0
2227,222,192.0
2228,222,14.0
2229,222,165.0
2230,223,107.0
2231,223,192.0
2232,223,187.0
2233,223,200.0
2234,223,45.0
2235,223,168.0
2236,223,14.0
2237,223,192.0
2238,223,14.0
2239,223,153.0
2240,224,108.0
2241,224,192.0
2242,224,187.0
2243,224,200.0
2244,224,46.0
2245,224,146.0
2246,224,18.0
2247,224,192.0
2248,224,14.0
2249,224,153.0
2250,225,111.0
2251,225,192.0
2252,225,187.0
2253,225,200.0
2254,225,42.0
2255,225,155.0
2256,225,16.0
2257,225,192.0
2258,225,14.0
2259,225,170.0
2260,226,111.0
2261,226,168.0
2262,226,187.0
2263,226,200.0
2264,226,49.0
2265,226,178.0
2266,226,25.0
2267,226,192.0
2268,226,14.0
2269,226,170.0
2270,227,111.0
2271,227,171.0
2272,227,187.0
2273,227,200.0
2274,227,47.0
2275,227,181.0
2276,227,14.0
2277,227,190.0
2278,227,14.0
2279,227,171.0
2280,228,108.0
2281,228,163.0
2282,228,181.0
2283,228,200.0
2284,228,45.0
2285,228,143.0
2286,228,15.0
2287,228,190.0
2288,228,14.0
2289,228,170.0
2290,229,105.0
2291,229,170.0
2292,229,197.0
2293,229,200.0
2294,229,46.0
2295,229,163.0
2296,229,16.0
2297,229,157.0
2298,229,14.0
2299,229,122.0
2300,230,109.0
2301,230,165.0
2302,230,191.0
2303,230,200.0
2304,230,49.0
2305,230,180.0
2306,230,23.0
2307,230,146.0
2308,230,14.0
2309,230,183.0
2310,231,109.0
2311,231,180.0
2312,231,198.0
2313,231,200.0
2314,231,47.0
2315,231,180.0
2316,231,17.0
2317,231,134.0
2318,231,14.0
2319,231,183.0
2320,232,109.0
2321,232,191.0
2322,232,177.0
2323,232,200.0
2324,232,47.0
2325,232,166.0
2326,232,15.0
2327,232,142.0
2328,232,14.0
2329,232,183.0
2330,233,110.0
2331,233,141.0
2332,233,170.0
2333,233,200.0
2334,233,49.0
2335,233,166.0
2336,233,21.0
2337,233,127.0
2338,233,14.0
2339,233,183.0
2340,234,107.0
2341,234,169.0
2342,234,196.0
2343,234,200.0
2344,234,47.0
2345,234,149.0
2346,234,20.0
2347,234,118.0
2348,234,14.0
2349,234,183.0
2350,235,112.0
2351,235,153.0
2352,235,190.0
2353,235,200.0
2354,235,49.0
2355,235,173.0
2356,235,18.0
2357,235,114.0
2358,235,14.0
2359,235,183.0
2360,236,109.0
2361,236,147.0
2362,236,190.0
2363,236,200.0
2364,236,44.0
2365,236,198.0
2366,236,23.0
2367,236,107.0
2368,236,14.0
2369,236,183.0
2370,237,105.0
2371,237,149.0
2372,237,190.0
2373,237,200.0
2374,237,47.0
2375,237,165.0
2376,237,13.0
2377,237,115.0
2378,237,14.0
2379,237,183.0
2380,238,106.0
2381,238,169.0
2382,238,190.0
2383,238,200.0
2384,238,51.0
2385,238,165.0
2386,238,22.0
2387,238,135.0
2388,238,14.0
2389,238,125.0
2390,239,106.0
2391,239,180.0
2392,239,190.0
2393,239,200.0
2394,239,53.0
2395,239,165.0
2396,239,25.0
2397,239,122.0
2398,239,14.0
2399,239,125.0
2400,240,111.0
2401,240,175.0
2402,240,190.0
2403,240,200.0
2404,240,52.0
2405,240,200.0
2406,240,24.0
2407,240,137.0
2408,240,14.0
2409,240,125.0
2410,241,110.0
2411,241,163.0
2412,241,190.0
2413,241,200.0
2414,241,51.0
2415,241,200.0
2416,241,18.0
2417,241,132.0
2418,241,14.0
2419,241,125.0
2420,242,110.0
2421,242,168.0
2422,242,190.0
2423,242,200.0
2424,242,51.0
2425,242,198.0
2426,242,20.0
2427,242,134.0
2428,242,14.0
2429,242,128.0
2430,243,105.0
2431,243,168.0
2432,243,190.0
2433,243,200.0
2434,243,49.0
2435,243,198.0
2436,243,26.0
2437,243,130.0
2438,243,14.0
2439,243,129.0
2440,244,108.0
2441,244,168.0
2442,244,190.0
2443,244,200.0
2444,244,55.0
2445,244,198.0
2446,244,21.0
2447,244,131.0
2448,244,14.0
2449,244,122.0
2450,245,104.0
2451,245,168.0
2452,245,124.0
2453,245,200.0
2454,245,53.0
2455,245,198.0
2456,245,19.0
2457,245,159.0
2458,245,14.0
2459,245,115.0
2460,246,105.0
2461,246,168.0
2462,246,83.0
2463,246,200.0
2464,246,49.0
2465,246,171.0
2466,246,21.0
2467,246,153.0
2468,246,14.0
2469,246,108.0
2470,247,108.0
2471,247,168.0
2472,247,43.0
2473,247,200.0
2474,247,56.0
2475,247,171.0
2476,247,20.0
2477,247,152.0
2478,247,14.0
2479,247,115.0
2480,248,109.0
2481,248,168.0
2482,248,30.0
2483,248,200.0
2484,248,50.0
2485,248,171.0
2486,248,27.0
2487,248,156.0
2488,248,14.0
2489,248,116.0
2490,249,107.0
2491,249,168.0
2492,249,28.0
2493,249,200.0
2494,249,56.0
2495,249,171.0
2496,249,20.0
2497,249,150.0
2498,249,14.0
2499,249,111.0
2500,250,109.0
2501,250,168.0
2502,250,25.0
2503,250,200.0
2504,250,52.0
2505,250,171.0
2506,250,24.0
2507,250,150.0
2508,250,14.0
2509,250,106.0
2510,251,110.0
2511,251,168.0
2512,251,25.0
2513,251,200.0
2514,251,49.0
2515,251,171.0
2516,251,24.0
2517,251,189.0
2518,251,14.0
2519,251,103.0
2520,252,109.0
2521,252,168.0
2522,252,19.0
2523,252,200.0
2524,252,59.0
2525,252,171.0
2526,252,19.0
2527,252,196.0
2528,252,14.0
2529,252,103.0
2530,253,109.0
2531,253,168.0
2532,253,14.0
2533,253,200.0
2534,253,57.0
2535,253,171.0
2536,253,18.0
2537,253,169.0
2538,253,14.0
2539,253,107.0
2540,254,111.0
2541,254,168.0
2542,254,18.0
2543,254,200.0
2544,254,55.0
2545,254,171.0
2546,254,23.0
2547,254,192.0
2548,254,14.0
2549,254,98.0
2550,255,110.0
2551,255,168.0
2552,255,9.0
2553,255,200.0
2554,255,54.0
2555,255,185.0
2556,255,21.0
2557,255,185.0
2558,255,14.0
2559,255,106.0
2560,256,114.0
2561,256,168.0
2562,256,11.0
2563,256,200.0
2564,256,53.0
2565,256,176.0
2566,256,17.0
2567,256,185.0
2568,256,14.0
2569,256,102.0
2570,257,111.0
2571,257,168.0
2572,257,14.0
2573,257,200.0
2574,257,60.0
2575,257,176.0
2576,257,25.0
2577,257,185.0
2578,257,14.0
2579,257,99.0
2580,258,115.0
2581,258,168.0
2582,258,12.0
2583,258,200.0
2584,258,58.0
2585,258,176.0
2586,258,22.0
2587,258,185.0
2588,258,14.0
2589,258,107.0
2590,259,113.0
2591,259,168.0
2592,259,9.0
2593,259,200.0
2594,259,55.0
2595,259,176.0
2596,259,20.0
2597,259,185.0
2598,259,14.0
2599,259,102.0
2600,260,114.0
2601,260,168.0
2602,260,12.0
2603,260,200.0
2604,260,59.0
2605,260,176.0
2606,260,19.0
2607,260,185.0
2608,260,14.0
2609,260,103.0
2610,261,115.0
2611,261,168.0
2612,261,12.0
2613,261,200.0
2614,261,58.0
2615,261,176.0
2616,261,22.0
2617,261,185.0
2618,261,14.0
2619,261,105.0
2620,262,117.0
2621,262,168.0
2622,262,12.0
2623,262,200.0
2624,262,63.0
2625,262,176.0
2626,262,22.0
2627,262,185.0
2628,262,14.0
2629,262,103.0
2630,263,114.0
2631,263,168.0
2632,263,16.0
2633,263,200.0
2634,263,63.0
2635,263,151.0
2636,263,19.0
2637,263,185.0
2638,263,14.0
2639,263,103.0
2640,264,115.0
2641,264,168.0
2642,264,9.0
2643,264,200.0
2644,264,62.0
2645,264,141.0
2646,264,15.0
2647,264,185.0
2648,264,14.0
2649,264,83.0
2650,265,114.0
2651,265,168.0
2652,265,9.0
2653,265,200.0
2654,265,68.0
2655,265,129.0
2656,265,21.0
2657,265,185.0
2658,265,14.0
2659,265,99.0
2660,266,115.0
2661,266,168.0
2662,266,9.0
2663,266,200.0
2664,266,70.0
2665,266,134.0
2666,266,15.0
2667,266,185.0
2668,266,14.0
2669,266,86.0
2670,267,117.0
2671,267,168.0
2672,267,9.0
2673,267,200.0
2674,267,68.0
2675,267,130.0
2676,267,24.0
2677,267,185.0
2678,267,14.0
2679,267,96.0
2680,268,118.0
2681,268,168.0
2682,268,9.0
2683,268,200.0
2684,268,63.0
2685,268,120.0
2686,268,22.0
2687,268,185.0
2688,268,14.0
2689,268,101.0
2690,269,121.0
2691,269,168.0
2692,269,9.0
2693,269,200.0
2694,269,64.0
2695,269,101.0
2696,269,24.0
2697,269,185.0
2698,269,14.0
2699,269,103.0
2700,270,120.0
2701,270,168.0
2702,270,9.0
2703,270,200.0
2704,270,97.0
2705,270,103.0
2706,270,25.0
2707,270,185.0
2708,270,14.0
2709,270,107.0
2710,271,121.0
2711,271,168.0
2712,271,9.0
2713,271,200.0
2714,271,79.0
2715,271,107.0
2716,271,22.0
2717,271,185.0
2718,271,14.0
2719,271,107.0
2720,272,123.0
2721,272,168.0
2722,272,9.0
2723,272,200.0
2724,272,75.0
2725,272,116.0
2726,272,21.0
2727,272,198.0
2728,272,14.0
2729,272,113.0
2730,273,123.0
2731,273,168.0
2732,273,17.0
2733,273,200.0
2734,273,98.0
2735,273,112.0
2736,273,21.0
2737,273,198.0
2738,273,14.0
2739,273,106.0
2740,274,124.0
2741,274,168.0
2742,274,9.0
2743,274,200.0
2744,274,81.0
2745,274,113.0
2746,274,23.0
2747,274,198.0
2748,274,14.0
2749,274,110.0
2750,275,122.0
2751,275,168.0
2752,275,14.0
2753,275,200.0
2754,275,81.0
2755,275,118.0
2756,275,18.0
2757,275,198.0
2758,275,14.0
2759,275,112.0
2760,276,118.0
2761,276,168.0
2762,276,12.0
2763,276,200.0
2764,276,147.0
2765,276,121.0
2766,276,16.0
2767,276,195.0
2768,276,14.0
2769,276,109.0
2770,277,121.0
2771,277,168.0
2772,277,9.0
2773,277,200.0
2774,277,109.0
2775,277,119.0
2776,277,29.0
2777,277,195.0
2778,277,14.0
2779,277,109.0
2780,278,128.0
2781,278,168.0
2782,278,9.0
2783,278,200.0
2784,278,94.0
2785,278,119.0
2786,278,26.0
2787,278,195.0
2788,278,14.0
2789,278,115.0
2790,279,127.0
2791,279,168.0
2792,279,13.0
2793,279,200.0
2794,279,126.0
2795,279,123.0
2796,279,20.0
2797,279,195.0
2798,279,14.0
2799,279,117.0
2800,280,121.0
2801,280,168.0
2802,280,11.0
2803,280,200.0
2804,280,110.0
2805,280,125.0
2806,280,22.0
2807,280,195.0
2808,280,181.0
2809,280,118.0
2810,281,124.0
2811,281,168.0
2812,281,9.0
2813,281,200.0
2814,281,180.0
2815,281,120.0
2816,281,19.0
2817,281,195.0
2818,281,191.0
2819,281,115.0
2820,282,131.0
2821,282,168.0
2822,282,9.0
2823,282,200.0
2824,282,97.0
2825,282,125.0
2826,282,25.0
2827,282,195.0
2828,282,177.0
2829,282,121.0
2830,283,129.0
2831,283,168.0
2832,283,14.0
2833,283,200.0
2834,283,129.0
2835,283,122.0
2836,283,28.0
2837,283,195.0
2838,283,166.0
2839,283,120.0
2840,284,128.0
2841,284,168.0
2842,284,9.0
2843,284,200.0
2844,284,129.0
2845,284,130.0
2846,284,20.0
2847,284,195.0
2848,284,169.0
2849,284,116.0
2850,285,130.0
2851,285,168.0
2852,285,12.0
2853,285,200.0
2854,285,111.0
2855,285,129.0
2856,285,26.0
2857,285,195.0
2858,285,165.0
2859,285,120.0
2860,286,126.0
2861,286,168.0
2862,286,9.0
2863,286,200.0
2864,286,185.0
2865,286,130.0
2866,286,24.0
2867,286,195.0
2868,286,179.0
2869,286,120.0
2870,287,132.0
2871,287,168.0
2872,287,9.0
2873,287,200.0
2874,287,116.0
2875,287,134.0
2876,287,29.0
2877,287,195.0
2878,287,180.0
2879,287,122.0
2880,288,138.0
2881,288,168.0
2882,288,9.0
2883,288,200.0
2884,288,90.0
2885,288,130.0
2886,288,26.0
2887,288,195.0
2888,288,183.0
2889,288,119.0
2890,289,136.0
2891,289,168.0
2892,289,9.0
2893,289,200.0
2894,289,80.0
2895,289,131.0
2896,289,26.0
2897,289,195.0
2898,289,183.0
2899,289,124.0
2900,290,138.0
2901,290,168.0
2902,290,14.0
2903,290,200.0
2904,290,72.0
2905,290,134.0
2906,290,23.0
2907,290,195.0
2908,290,195.0
2909,290,127.0
2910,291,138.0
2911,291,168.0
2912,291,14.0
2913,291,200.0
2914,291,58.0
2915,291,133.0
2916,291,31.0
2917,291,195.0
2918,291,183.0
2919,291,128.0
2920,292,134.0
2921,292,168.0
2922,292,12.0
2923,292,200.0
2924,292,56.0
2925,292,133.0
2926,292,22.0
2927,292,195.0
2928,292,177.0
2929,292,120.0
2930,293,142.0
2931,293,168.0
2932,293,9.0
2933,293,200.0
2934,293,52.0
2935,293,131.0
2936,293,35.0
2937,293,195.0
2938,293,177.0
2939,293,126.0
2940,294,136.0
2941,294,168.0
2942,294,11.0
2943,294,200.0
2944,294,50.0
2945,294,129.0
2946,294,32.0
2947,294,195.0
2948,294,194.0
2949,294,127.0
2950,295,148.0
2951,295,168.0
2952,295,9.0
2953,295,200.0
2954,295,49.0
2955,295,127.0
2956,295,29.0
2957,295,195.0
2958,295,200.0
2959,295,124.0
2960,296,151.0
2961,296,168.0
2962,296,9.0
2963,296,200.0
2964,296,50.0
2965,296,128.0
2966,296,32.0
2967,296,195.0
2968,296,196.0
2969,296,123.0
2970,297,161.0
2971,297,168.0
2972,297,12.0
2973,297,200.0
2974,297,47.0
2975,297,130.0
2976,297,28.0
2977,297,195.0
2978,297,198.0
2979,297,132.0
2980,298,168.0
2981,298,168.0
2982,298,9.0
2983,298,200.0
2984,298,44.0
2985,298,128.0
2986,298,32.0
2987,298,195.0
2988,298,187.0
2989,298,135.0
2990,299,173.0
2991,299,168.0
2992,299,9.0
2993,299,200.0
2994,299,46.0
2995,299,124.0
2996,299,40.0
2997,299,195.0
2998,299,15.0
2999,299,148.0
